-- Seed data for local development and testing
-- Run with: sqlite3 ./data/rsvr.db < local_infra/seed_data.sql

-- Clear existing data (optional, comment out to preserve)
-- DELETE FROM reservations;
-- DELETE FROM time_slots;
-- DELETE FROM businesses;
-- DELETE FROM users;

-- Insert test clients (businesses using the reservation system)
INSERT OR IGNORE INTO businesses (id, name)
VALUES
  ('48740B1B-0AA2-48DD-9EEE-C14B6AC3258C', 'The Golden Fork Restaurant'),
  ('A023BCC5-B2A4-41C5-AB32-CF145D536D61', 'Wellness Medical Center'),
  ('8B8624E0-7B4D-4CD0-9213-2BE3284E0DC3', 'Luxe Beauty Salon');

-- Insert test users (with UUIDs)
INSERT OR IGNORE INTO users (id, phone, channel, name, created_at)
VALUES
  ('D5F7BA6A-19C2-42F3-8080-17F098BB807D', '+1 (555) 123-4567', 'whatsapp', 'Alice Johnson', '2026-03-23 00:00:00'),
  ('507259D3-B912-4DBE-9D87-D5F06741B021', '+1 (555) 234-5678', 'whatsapp', 'Bob Smith',     '2026-03-28 00:00:00'),
  ('9E3F8082-CBD1-4518-BE90-9F69459DE02A', '+1 (555) 345-6789', 'whatsapp', 'Carol White',   '2026-04-02 00:00:00'),
  ('0F3637B5-E508-45FD-B159-28E47CA7729F', '+1 (555) 456-7890', 'whatsapp', 'David Brown',   '2026-04-07 00:00:00'),
  ('43A0E424-88DE-4232-9871-45C2FA55455B', '+1 (555) 567-8901', 'whatsapp', 'Emma Davis',    '2026-04-12 00:00:00');

-- Additional Telegram users
INSERT OR IGNORE INTO users (id, telegram_id, channel, name, created_at)
VALUES
  ('F8E9C3A2-D1B4-4F7E-9A2C-5B6D8E1F3A4B', '987654321', 'telegram', 'Frank Miller', '2026-04-10 00:00:00'),
  ('E7D8B2A1-C9F3-4E6D-8B1A-4C5D7E0F2A3B', '876543210', 'telegram', 'Grace Wilson', '2026-04-14 00:00:00'),
  ('D6C7A1B0-B8E2-4D5C-7A9B-3C4D6E7F1A2B', '765432109', 'telegram', 'Henry Taylor', '2026-04-17 00:00:00');

-- Insert time slots for April 2026 (linked to businesses)
-- Breakfast slots (8:00 AM - 11:00 AM) - Restaurant
INSERT OR IGNORE INTO time_slots (id, business_id, date, time, capacity, reserved, metadata)
VALUES
  ('A1B2C3D4-E5F6-4A7B-8C9D-0E1F2A3B4C5D', '48740B1B-0AA2-48DD-9EEE-C14B6AC3258C', '2026-04-09', '08:00', 10, 2, NULL),
  ('B2C3D4E5-F6A7-4B8C-9D0E-1F2A3B4C5D6E', '48740B1B-0AA2-48DD-9EEE-C14B6AC3258C', '2026-04-09', '09:00', 10, 5, NULL),
  ('C3D4E5F6-A7B8-4C9D-0E1F-2A3B4C5D6E7F', '48740B1B-0AA2-48DD-9EEE-C14B6AC3258C', '2026-04-09', '10:00', 10, 3, NULL),
  ('D4E5F6A7-B8C9-4D0E-1F2A-3B4C5D6E7F80', '48740B1B-0AA2-48DD-9EEE-C14B6AC3258C', '2026-04-10', '08:00', 10, 0, NULL),
  ('E5F6A7B8-C9D0-4E1F-2A3B-4C5D6E7F80A1', '48740B1B-0AA2-48DD-9EEE-C14B6AC3258C', '2026-04-10', '09:00', 10, 7, NULL),
  ('F6A7B8C9-D0E1-4F2A-3B4C-5D6E7F80A1B2', '48740B1B-0AA2-48DD-9EEE-C14B6AC3258C', '2026-04-10', '10:00', 10, 4, NULL),
  ('A7B8C9D0-E1F2-40A3-4B5C-6D7E8F91A2B3', '48740B1B-0AA2-48DD-9EEE-C14B6AC3258C', '2026-04-11', '08:00', 10, 1, NULL),
  ('B8C9D0E1-F2A3-41B4-5C6D-7E8F91A2B3C4', '48740B1B-0AA2-48DD-9EEE-C14B6AC3258C', '2026-04-11', '09:00', 10, 6, NULL),
  ('C9D0E1F2-A3B4-42C5-6D7E-8F91A2B3C4D5', '48740B1B-0AA2-48DD-9EEE-C14B6AC3258C', '2026-04-11', '10:00', 10, 8, NULL);

-- Lunch slots (12:00 PM - 2:00 PM) - Restaurant
INSERT OR IGNORE INTO time_slots (id, business_id, date, time, capacity, reserved, metadata)
VALUES
  ('D0E1F2A3-B4C5-43D6-7E8F-91A2B3C4D5E6', '48740B1B-0AA2-48DD-9EEE-C14B6AC3258C', '2026-04-09', '12:00', 15, 12, NULL),
  ('E1F2A3B4-C5D6-44E7-8F90-A2B3C4D5E6F7', '48740B1B-0AA2-48DD-9EEE-C14B6AC3258C', '2026-04-09', '13:00', 15, 10, NULL),
  ('F2A3B4C5-D6E7-45F8-9A1B-B3C4D5E6F708', '48740B1B-0AA2-48DD-9EEE-C14B6AC3258C', '2026-04-10', '12:00', 15, 15, NULL),
  ('A3B4C5D6-E7F8-46A9-0B2C-C4D5E6F70819', '48740B1B-0AA2-48DD-9EEE-C14B6AC3258C', '2026-04-10', '13:00', 15, 8, NULL),
  ('B4C5D6E7-F8A9-47B0-1C3D-D5E6F7081920', '48740B1B-0AA2-48DD-9EEE-C14B6AC3258C', '2026-04-11', '12:00', 15, 14, NULL),
  ('C5D6E7F8-A9B0-48C1-2D4E-E6F708192031', '48740B1B-0AA2-48DD-9EEE-C14B6AC3258C', '2026-04-11', '13:00', 15, 9, NULL);

-- Dinner slots (6:00 PM - 9:00 PM) - Restaurant
INSERT OR IGNORE INTO time_slots (id, business_id, date, time, capacity, reserved, metadata)
VALUES
  ('D6E7F8A9-B0C1-49D2-3E5F-F7081920314A', '48740B1B-0AA2-48DD-9EEE-C14B6AC3258C', '2026-04-09', '18:00', 20, 18, NULL),
  ('E7F8A9B0-C1D2-4AE3-4F60-0819203142B5', '48740B1B-0AA2-48DD-9EEE-C14B6AC3258C', '2026-04-09', '19:00', 20, 15, NULL),
  ('F8A9B0C1-D2E3-4BF4-5A71-192031425CC6', '48740B1B-0AA2-48DD-9EEE-C14B6AC3258C', '2026-04-09', '20:00', 20, 20, NULL),
  ('A9B0C1D2-E3F4-4C05-6B82-2031425DD7D7', '48740B1B-0AA2-48DD-9EEE-C14B6AC3258C', '2026-04-10', '18:00', 20, 10, NULL),
  ('B0C1D2E3-F4A5-4D16-7C93-31425EE8E8E8', '48740B1B-0AA2-48DD-9EEE-C14B6AC3258C', '2026-04-10', '19:00', 20, 16, NULL),
  ('C1D2E3F4-A5B6-4E27-8D4A-425FF9F9F9F9', '48740B1B-0AA2-48DD-9EEE-C14B6AC3258C', '2026-04-10', '20:00', 20, 12, NULL),
  ('D2E3F4A5-B6C7-4F38-9E5B-5610AAAAAA0A', '48740B1B-0AA2-48DD-9EEE-C14B6AC3258C', '2026-04-11', '18:00', 20, 17, NULL),
  ('E3F4A5B6-C7D8-4049-0F6C-671BBBBBBB1B', '48740B1B-0AA2-48DD-9EEE-C14B6AC3258C', '2026-04-11', '19:00', 20, 13, NULL),
  ('F4A5B6C7-D8E9-415A-1071-7C2CCCCCCC2C', '48740B1B-0AA2-48DD-9EEE-C14B6AC3258C', '2026-04-11', '20:00', 20, 19, NULL);

-- Doctor appointment slots - Medical Center
INSERT OR IGNORE INTO time_slots (id, business_id, date, time, capacity, reserved, metadata)
VALUES
  ('A5B6C7D8-E9FA-426B-2182-8D3DDDDDDD3D', 'A023BCC5-B2A4-41C5-AB32-CF145D536D61', '2026-04-09', '09:00', 5, 3, NULL),
  ('B6C7D8E9-FABB-437C-3293-9E4EEEEEEE4E', 'A023BCC5-B2A4-41C5-AB32-CF145D536D61', '2026-04-09', '14:00', 5, 4, NULL),
  ('C7D8E9FA-BBCC-448D-4384-0F5FFFFFFFFF5F', 'A023BCC5-B2A4-41C5-AB32-CF145D536D61', '2026-04-10', '09:00', 5, 2, NULL),
  ('D8E9FABB-CCDD-459E-5495-1060000000G60', 'A023BCC5-B2A4-41C5-AB32-CF145D536D61', '2026-04-10', '14:00', 5, 5, NULL);

-- Salon appointment slots - Beauty Salon
INSERT OR IGNORE INTO time_slots (id, business_id, date, time, capacity, reserved, metadata)
VALUES
  ('E9FABBCC-DDEE-46AF-65A6-1171111111H71', '8B8624E0-7B4D-4CD0-9213-2BE3284E0DC3', '2026-04-09', '10:00', 8, 6, NULL),
  ('FABBCCDD-EEFF-47B0-76B7-2282222222I82', '8B8624E0-7B4D-4CD0-9213-2BE3284E0DC3', '2026-04-09', '15:00', 8, 7, NULL),
  ('ABBCCDDE-FFGA-48C1-87C8-3393333333J93', '8B8624E0-7B4D-4CD0-9213-2BE3284E0DC3', '2026-04-10', '10:00', 8, 4, NULL),
  ('BBCCDDEE-GAHB-49D2-98D9-44A4444444KA4', '8B8624E0-7B4D-4CD0-9213-2BE3284E0DC3', '2026-04-10', '15:00', 8, 5, NULL);

-- Insert some reservations to show activity
INSERT OR IGNORE INTO reservations (id, business_id, user_id, time_slot_id, party_size, status, notes, created_at, updated_at)
VALUES
  ('CCDDEEEF-HBIC-4AE3-A9EA-55B5555555LB5', '48740B1B-0AA2-48DD-9EEE-C14B6AC3258C', 'D5F7BA6A-19C2-42F3-8080-17F098BB807D', 'D6E7F8A9-B0C1-49D2-3E5F-F7081920314A', 2, 'confirmed', 'Gluten-free breakfast needed', '2026-04-02 00:00:00', '2026-04-02 00:00:00'),
  ('DDEEEFFA-ICJD-4BF4-BAFB-66C6666666MC6', '48740B1B-0AA2-48DD-9EEE-C14B6AC3258C', '507259D3-B912-4DBE-9D87-D5F06741B021', 'E7F8A9B0-C1D2-4AE3-4F60-0819203142B5', 5, 'confirmed', 'Birthday celebration',        '2026-04-04 00:00:00', '2026-04-04 00:00:00'),
  ('EEFFFFFB-JDKE-4C05-CBGC-77D7777777ND7', '48740B1B-0AA2-48DD-9EEE-C14B6AC3258C', '9E3F8082-CBD1-4518-BE90-9F69459DE02A', 'F8A9B0C1-D2E3-4BF4-5A71-192031425CC6', 1, 'confirmed', NULL,                           '2026-04-07 00:00:00', '2026-04-07 00:00:00');

-- Show summary of inserted data
SELECT 'Database seeded successfully!' as message;
SELECT COUNT(*) as business_count FROM businesses;
SELECT COUNT(*) as user_count FROM users;
SELECT COUNT(*) as time_slot_count FROM time_slots;
SELECT COUNT(*) as reservation_count FROM reservations;
